{"cameraMode":{"drawMode":0,"name":"Shaded","section":"Shading Mode"},"sceneLighting":true,"audioPlay":false,"sceneViewState":{"m_AlwaysRefresh":false,"showFog":true,"showSkybox":true,"showFlares":true,"showImageEffects":true,"showParticleSystems":true,"showVisualEffectGraphs":true,"m_FxEnabled":true},"in2DMode":false,"pivot":{"x":271.11199951171877,"y":96.73211669921875,"z":39.278533935546878},"rotation":{"x":-0.31147223711013796,"y":-0.019386980682611467,"z":0.006355999503284693,"w":-0.9500380754470825},"size":298.0248718261719,"orthographic":false}